{"svc": {"kernel": {"linear": [0.9907407407407407, 0.9833333333333333, 0.9814814814814815, 0.9703703703703703, 0.9814814814814815], "poly": [0.9981481481481481, 0.9907407407407407, 0.9907407407407407, 0.9833333333333333, 0.9888888888888889], "rbf": [0.9962962962962963, 0.9888888888888889, 0.9925925925925926, 0.9851851851851852, 0.987037037037037]}, "gamma": {"auto": [0.3685185185185185, 0.4203703703703704, 0.35185185185185186, 0.3, 0.3592592592592593], "scale": [0.9796296296296296, 0.9814814814814815, 0.9888888888888889, 0.9888888888888889, 0.987037037037037]}, "C": {"1": [0.9888888888888889, 0.987037037037037, 0.9907407407407407, 0.9907407407407407, 0.987037037037037], "2": [0.987037037037037, 0.9851851851851852, 0.9888888888888889, 0.9925925925925926, 0.9925925925925926], "3": [0.9888888888888889, 0.9888888888888889, 0.9888888888888889, 0.9888888888888889, 0.9925925925925926], "5": [0.9925925925925926, 0.9888888888888889, 0.9888888888888889, 0.9888888888888889, 0.9925925925925926], "10": [0.9925925925925926, 0.987037037037037, 0.9925925925925926, 0.9888888888888889, 0.9925925925925926]}}, "knn": {"n_neighbors": {"1": [0.987037037037037, 0.9907407407407407, 0.987037037037037, 0.987037037037037, 0.9796296296296296], "2": [0.9888888888888889, 0.9888888888888889, 0.9851851851851852, 0.9851851851851852, 0.975925925925926], "3": [0.9888888888888889, 0.9888888888888889, 0.9833333333333333, 0.9851851851851852, 0.9777777777777777], "5": [0.987037037037037, 0.9888888888888889, 0.9833333333333333, 0.987037037037037, 0.9777777777777777], "10": [0.9814814814814815, 0.9851851851851852, 0.9814814814814815, 0.9851851851851852, 0.9666666666666667]}, "leaf_size": {"21": [0.9851851851851852, 0.987037037037037, 0.9796296296296296, 0.9851851851851852, 0.9888888888888889], "24": [0.9851851851851852, 0.987037037037037, 0.9796296296296296, 0.9851851851851852, 0.9888888888888889], "27": [0.9851851851851852, 0.987037037037037, 0.9796296296296296, 0.9851851851851852, 0.9888888888888889], "30": [0.9851851851851852, 0.987037037037037, 0.9796296296296296, 0.9851851851851852, 0.9888888888888889], "33": [0.9851851851851852, 0.987037037037037, 0.9796296296296296, 0.9851851851851852, 0.9888888888888889], "36": [0.9851851851851852, 0.987037037037037, 0.9796296296296296, 0.9851851851851852, 0.9888888888888889], "39": [0.9851851851851852, 0.987037037037037, 0.9796296296296296, 0.9851851851851852, 0.9888888888888889]}, "weights": {"uniform": [0.9814814814814815, 0.9888888888888889, 0.9888888888888889, 0.9740740740740741, 0.9833333333333333], "distance": [0.9814814814814815, 0.9907407407407407, 0.9888888888888889, 0.9740740740740741, 0.9833333333333333]}, "p": {"1": [0.987037037037037, 0.9833333333333333, 0.987037037037037, 0.9722222222222222, 0.9703703703703703], "2": [0.987037037037037, 0.9851851851851852, 0.9907407407407407, 0.9851851851851852, 0.9777777777777777], "3": [0.987037037037037, 0.987037037037037, 0.9907407407407407, 0.9851851851851852, 0.975925925925926], "4": [0.9888888888888889, 0.9833333333333333, 0.9907407407407407, 0.987037037037037, 0.9814814814814815], "5": [0.987037037037037, 0.9851851851851852, 0.9888888888888889, 0.9851851851851852, 0.9796296296296296], "6": [0.9888888888888889, 0.987037037037037, 0.987037037037037, 0.9833333333333333, 0.9814814814814815]}}, "tree": {"criterion": {"gini": [0.8444444444444444, 0.8462962962962963, 0.8611111111111112, 0.8425925925925926, 0.8666666666666667], "entropy": [0.8666666666666667, 0.8796296296296297, 0.8888888888888888, 0.8481481481481481, 0.8777777777777778]}, "splitter": {"best": [0.8296296296296296, 0.8462962962962963, 0.8703703703703703, 0.8518518518518519, 0.825925925925926], "random": [0.8388888888888889, 0.8462962962962963, 0.8537037037037037, 0.8222222222222222, 0.8314814814814815]}, "max_depth": {"2": [0.3, 0.3111111111111111, 0.29074074074074074, 0.32222222222222224, 0.3314814814814815], "3": [0.4166666666666667, 0.45555555555555555, 0.37592592592592594, 0.4444444444444444, 0.4962962962962963], "5": [0.6759259259259259, 0.6777777777777778, 0.5944444444444444, 0.6685185185185185, 0.6851851851851852], "8": [0.7870370370370371, 0.8351851851851851, 0.7962962962962963, 0.8481481481481481, 0.8518518518518519], "10": [0.8037037037037037, 0.8481481481481481, 0.8222222222222222, 0.8518518518518519, 0.8685185185185185]}, "max_features": {"0.1": [0.7962962962962963, 0.7425925925925926, 0.8, 0.7962962962962963, 0.7796296296296297], "0.5": [0.8462962962962963, 0.8481481481481481, 0.8407407407407408, 0.8351851851851851, 0.8351851851851851], "0.9": [0.8574074074074074, 0.8203703703703704, 0.8240740740740741, 0.825925925925926, 0.8407407407407408], "1": [0.674074074074074, 0.6240740740740741, 0.687037037037037, 0.7166666666666667, 0.7185185185185186], "2": [0.7203703703703703, 0.6981481481481482, 0.7222222222222222, 0.7148148148148148, 0.6759259259259259], "5": [0.8148148148148148, 0.7222222222222222, 0.7833333333333333, 0.737037037037037, 0.7611111111111111], "auto": [0.8481481481481481, 0.8018518518518518, 0.7814814814814814, 0.8148148148148148, 0.825925925925926], "sqrt": [0.8203703703703704, 0.7944444444444444, 0.8333333333333334, 0.7518518518518519, 0.8018518518518518], "log2": [0.825925925925926, 0.7981481481481482, 0.7944444444444444, 0.7870370370370371, 0.7555555555555555]}}}